Geometry,ID,X,Y,BufferSize,MOS1,MOS2,MOS3,MOS4,MOS5,MOS6,MOS7,MOS8,MOS9,MOS10,MOS11,MOS12,MOS13,MOS14
POINT(419250 6441750),E4190N64415,419250,6441750,2000,0.209907011132527,0.00588157229709562,0,0.0800890323251086,0.1231728770586,0.1480994538442,0,0.00914145729869601,0,0.315476806091861,0.0963708002225021,0.000678572882591911,0.0036671456954551,0.00751527115136283
POINT(419250 6441750),E4190N64415,419250,6441750,1500,0.230532002887848,0.00817769780577364,0,0.0953045445200328,0.118393572348411,0.17765624865713,0,0.0106680831689823,0,0.235991016447812,0.109191164468955,0.000832167995156315,0.00343519966991978,0.00981830202997849
POINT(419250 6441750),E4190N64415,419250,6441750,1000,0.328129562016931,0.00972458378888017,0,0.122488471040908,0.132990763702474,0.239752772452952,0,0.0142608873074936,0,0.0189991579926755,0.122069098713164,0.00123941631966325,0.001392682183655,0.0089526044812042
POINT(419250 6441750),E4190N64415,419250,6441750,500,0.514196880900513,0.0186655148398498,0,0.0924134124588277,0.112735368001029,0.237150807403437,0,0.00900251967421211,0,0.0074062379443329,0.00768252359568587,0.000560528838747216,0,0.00018620634336577
POINT(419250 6441750),E4190N64415,419250,6441750,350,0.514866452033686,0.0353312909420205,0,0.122752654978784,0.122535683382574,0.172448245128533,0,0.0146449331285745,0,0.00948113906190317,0.0075037093048334,5.58669379461235e-05,0,0.000380025101145142
POINT(421250 6441250),E4210N64410,421250,6441250,2000,0.228444494796721,0.00445989301504841,0,0.108291832614666,0.141450727237861,0.104596253231908,0,0.0133250282009331,0,0.236753368696994,0.149217582496085,0.000697315837879505,0.00369827326280157,0.00906523060910224
POINT(421250 6441250),E4210N64410,421250,6441250,1500,0.252470973420236,0.00523630316170217,0,0.119563849619403,0.127659406139812,0.0934019352614469,0,0.0133885779356232,0,0.239390980569649,0.135830731319493,0.00100459402109313,0.00503261338937301,0.00702003516216835
POINT(421250 6441250),E4210N64410,421250,6441250,1000,0.259256538892205,0.00400743666417404,0,0.14436552049527,0.174627758957288,0.0758317406586316,0,0.0138202014628389,0,0.170350236706859,0.147679679131321,0.000471018439906395,0.0048140328640205,0.00477583572748476
POINT(421250 6441250),E4210N64410,421250,6441250,500,0.284538433968642,0.00501229599251864,0,0.202407060694394,0.25969180761594,0.0639312035558113,0,0.00330046974956663,0,0.000437028157600057,0.177411150870523,0,0.00269060379912111,0.000579945595882959
POINT(421250 6441250),E4210N64410,421250,6441250,350,0.275640034559593,0.00663453230867173,0,0.196184153257501,0.213565289696434,0.13047610386067,0,0,0,0.000628179060264914,0.171024510026829,0,0.0054912074420055,0.000355989788030168
POINT(421750 6439250),E4215N64390,421750,6439250,2000,0.267138680277606,0.00314996175283027,0,0.105953594587342,0.189326559733801,0.103965066649694,0,0.029882728158729,0,0.195937701004916,0.0973205293832755,0.000156937971611632,0.00228546327175735,0.00488277720843782
POINT(421750 6439250),E4215N64390,421750,6439250,1500,0.321317973697794,0.00325270859221111,0,0.106833199159575,0.22721036735787,0.0766970492831613,0,0.032688964480159,0,0.132796121931584,0.091534667440892,3.98241766139278e-05,0.0016075032426995,0.00602162063744006
POINT(421750 6439250),E4215N64390,421750,6439250,1000,0.371233318311793,0.00302521032477164,0,0.0897084359648297,0.302890032379204,0.0391992964730787,0,0.0150000807709512,0,0.115161391899143,0.0540717352679952,2.34753010786941e-05,0.00139228429719604,0.00829473900995822
POINT(421750 6439250),E4215N64390,421750,6439250,500,0.404302353266218,0.00480539686460348,0,0.0674955024006295,0.211564782619213,0.0342632403850684,0,0.00451574255270117,0,0.262181077870538,0.00884718857068647,0,0.00154917311651488,0.000475542353826429
POINT(421750 6439250),E4215N64390,421750,6439250,350,0.384536681192071,0.00422055227716238,0,0.0493214115886219,0.108064197607856,0.0105530047317997,0,0.00898028546706059,0,0.423478535402749,0.00939214173052388,0,0.000618434010752437,0.000834755991404287
POINT(422750 6437750),E4225N64375,422750,6437750,2000,0.21249113392321,0.0146726169137859,0,0.0786192557744726,0.203334569089464,0.345101996691705,0,0.0351892027188449,0,0.086187628590121,0.021829513345206,5.88537859108118e-05,0.00182488746163901,0.000690341705641129
POINT(422750 6437750),E4225N64375,422750,6437750,1500,0.234882476478673,0.0152255366526681,0,0.0663324767262472,0.224856672162816,0.366497184372827,0,0.0426320826586934,0,0.0289794562843907,0.0177276640232805,2.77990573785277e-05,0.00231669421814974,0.000521957364875714
POINT(422750 6437750),E4225N64375,422750,6437750,1000,0.313806897759104,0.00927123121976063,0,0.043382273363891,0.22702731092437,0.359103959765724,0,0.000618952126305068,0,0.0294996976063153,0.0140148332060097,7.24153297682709e-06,0.00300674815380698,0.000260854341736695
POINT(422750 6437750),E4225N64375,422750,6437750,500,0.401338966844449,0.00175224943628815,0,0.0307953461782819,0.263920913550602,0.273541892925941,0,0,0,0.00956400341728428,0.0178248807324498,0,0.000788432670969253,0.000473314243734873
POINT(422750 6437750),E4225N64375,422750,6437750,350,0.39046897046328,0.000193585436138893,0,0.0255916048882271,0.321957915305722,0.227254360869238,0,0,0,0.00692230338085921,0.0262879927658812,0,0.000357288556632185,0.000965978334021926
POINT(404750 6435750),E4045N64355,404750,6435750,2000,0.270991229050206,0.502840650509234,0,0.0491862150086196,0.121363438475982,0.0183201567413001,0,0.0196241925775375,0,0.00160728960791712,0.0107361056230953,0.000625217364093825,0.00237715857492203,0.00232834646709207
POINT(404750 6435750),E4045N64355,404750,6435750,1500,0.23149112392486,0.527082480505163,0,0.0611431159059421,0.121750344795093,0.01412254612304,0,0.0248126025861617,0,0.00162212409925928,0.0116458155493658,0.000592674447994004,0.00320840113257208,0.00252877093054946
POINT(404750 6435750),E4045N64355,404750,6435750,1000,0.15556113517499,0.589028474964679,0,0.0845503258660607,0.103758484402592,0.0102684292599492,0,0.0277195652825033,0,0.00285861676277703,0.016051141885403,0.000562626377849137,0.00527433353109827,0.00436686649209822
POINT(404750 6435750),E4045N64355,404750,6435750,500,0.0433068209452534,0.708344845235473,0,0.0463968913408003,0.089994321502281,0,0,0.0590391880002903,0,0.00262662349650314,0.0133476526541884,0.000679573577924649,0.0207233336601228,0.015540749587163
POINT(404750 6435750),E4045N64355,404750,6435750,350,0.0415721476030485,0.69917602762685,0,0.0501646125822738,0.0864540864716261,0,0,0.0553426981912104,0,0.000834755991404287,0.0108316898059728,0,0.0239688652255595,0.0316551165020541
POINT(405250 6435750),E4050N64355,405250,6435750,2000,0.282404720578989,0.478017698961246,0,0.0540534204740105,0.13319857538572,0.0103213300040066,0,0.0213913272813738,0,0.00188681013301862,0.0126241384530589,0.000681517428270526,0.00267565058748333,0.00274481071282236
POINT(405250 6435750),E4050N64355,405250,6435750,1500,0.235001398802229,0.521880287286745,0,0.0657359308966941,0.111974044172441,0.0098834661576512,0,0.0326671073512628,0,0.00240163201845924,0.0125043016263242,0.00103630201254218,0.00351091932253408,0.0034046103531171
POINT(405250 6435750),E4050N64355,405250,6435750,1000,0.274261449405857,0.489143615794584,0,0.0856998206986731,0.0834388610234101,0.00416151513527659,0,0.0302342461949597,0,0.00331147224248724,0.0182314346560318,0.00052925464713247,0.00608596886000957,0.00490236134157872
POINT(405250 6435750),E4050N64355,405250,6435750,500,0.268173420811058,0.413151451645555,0,0.122250989599182,0.0892504510331428,0.00278418271012033,0,0.0393751615379816,0,0.00983487794412919,0.047592431555641,0.00182004764335979,0.000705674296140022,0.00506131122369079
POINT(405250 6435750),E4050N64355,405250,6435750,350,0.120588785556708,0.523432282775054,0,0.172246214690146,0.062208485018566,0,0,0.0107290505478858,0,0.0198067783485733,0.0829032878342597,0.0037145017578597,0.00144019769100646,0.00293041577994143
POINT(403250 6435250),E4030N64350,403250,6435250,2000,0.2069860521475,0.595476226044602,0,0.0424581318644594,0.121016400776507,0.0156439976904045,0,0.00628929145089145,0,0.0003280544602206,0.00792652062604722,0.00021225118093163,0.0020725606789033,0.00159051307953352
POINT(403250 6435250),E4030N64350,403250,6435250,1500,0.220773662758701,0.563855673550038,0,0.0461463750887251,0.125129355087569,0.0246054408413192,0,0.00668108058601504,0,0.000223319304477007,0.00786304726974148,0.00032775633005015,0.00316713257280009,0.00122715661056403
POINT(403250 6435250),E4030N64350,403250,6435250,1000,0.299447163632522,0.470367001960906,0,0.0334510057791532,0.14342731461292,0.0420790261080826,0,0,0,0.000412591801476663,0.0097905907400028,0.000508271035609405,0.000482140487070238,3.48938422565704e-05
POINT(403250 6435250),E4030N64350,403250,6435250,500,0.500964135066761,0.276947400050164,0,0.0355520429223128,0.0936516050668497,0.0782101655294817,0,0,0,0.00110514260541189,0.0131716319569555,0,0.000397876802063612,0
POINT(403250 6435250),E4030N64350,403250,6435250,350,0.611616295476337,0.209358751490868,0,0.0488900668584332,0.0811454281356293,0.0228339868465842,0,0,0,0.000623630935212541,0.0248471454593172,0,0.000684694797618769,0
POINT(405250 6435250),E4050N64350,405250,6435250,2000,0.30530928278473,0.449382132945522,0,0.0471353010349348,0.148733541240751,0.0128735889641797,0,0.0173770088166182,0,0.00157316004121344,0.0123067171908277,0.000555361552882035,0.00218467672004968,0.00256922870829145
POINT(405250 6435250),E4050N64350,405250,6435250,1500,0.279649284425812,0.479905525321633,0,0.0613822862493967,0.118987103023116,0.0107348403416648,0,0.0267716670270769,0,0.00203329784418974,0.0134599309822253,0.000850010775784671,0.00311371684954931,0.00311233715955186
POINT(405250 6435250),E4050N64350,405250,6435250,1000,0.275687759061825,0.497897172135399,0,0.073106278612093,0.0822634222119289,0.00603751436948961,0,0.0387970447277159,0,0.00286828507252159,0.0169871072468882,0.000549899936045372,0.00156682072410206,0.00423869590199154
POINT(405250 6435250),E4050N64350,405250,6435250,500,0.317542611013994,0.548770465191191,0,0.0485240998753532,0.0657980008123053,0.014411097770744,0,0,0,0.00130853722662681,0.00363245605211995,1.27320576660356e-05,0,0
POINT(405250 6435250),E4050N64350,405250,6435250,350,0.35962522379256,0.494469822758891,0,0.0336728224236897,0.0778928030391614,0.029411344366404,0,0,0,0.00267056955693621,0.00223142944005737,2.59846223005226e-05,0,0
POINT(425250 6435250),E4250N64350,425250,6435250,2000,0.28830056749279,0.0480233750059553,0,0.106264620430403,0.233799147870395,0.113414879580262,0,0.0512599355654557,0,0.0837865709533177,0.0705402048820227,0.000744579470255979,0.00155787839413867,0.0023082403550047
POINT(425250 6435250),E4250N64350,425250,6435250,1500,0.367867731335535,0.0571964372914783,0,0.0821444723130673,0.258655951930392,0.0853298704043608,0,0.0348019551726971,0,0.0589720053853794,0.0515836077606929,0.000710290899544184,0.00218243890545103,0.000555238601401391
POINT(425250 6435250),E4250N64350,425250,6435250,1000,0.501255888719124,0.0774641902215432,0,0.0476591545709193,0.229849678507767,0.0510186688311688,0,0.000491548892284186,0,0.0547770244461421,0.0313440603514133,0.00109339190221543,0.00454330595874714,0.000503087598675834
POINT(425250 6435250),E4250N64350,425250,6435250,500,0.507507139501336,0.0575390333057896,0,0.0469052187431167,0.256849528722885,0.028628031662081,0,0,0,0.0525572974425116,0.0426183349269625,0.00130121629346884,0.00581759544905331,0.000276603952794623
POINT(425250 6435250),E4250N64350,425250,6435250,350,0.463505247594474,0.0410069820680121,0,0.0499288021348966,0.363959458792287,0.000719124422166962,0,0,0,0.0322274278082231,0.0435768612135338,0.00219375173772162,0.00288234422868546,0
POINT(417250 6434750),E4170N64345,417250,6434750,2000,0.132708223140924,0.0249032603430573,0,0.272592675720468,0.160153138695047,0.19352834789986,0,0.035810925369304,0,0.036790856038206,0.138521201148154,0.00135723241792149,0.000760953226532958,0.00287318600052429
POINT(417250 6434750),E4170N64345,417250,6434750,1500,0.151357020412698,0.0267700531526424,0,0.288143026079375,0.171083461556447,0.145927062545263,0,0.0360327765702379,0,0.0421800099036922,0.132161562956036,0.00219733004307714,0.000842284689852942,0.00330541209067791
POINT(417250 6434750),E4170N64345,417250,6434750,1000,0.189310901649415,0.0271026878677667,0,0.31734932349715,0.19426268096682,0.106645248691908,0,0.0343836958134045,0,0.0350752228642875,0.0855623475696127,0.00415210666673457,0.00101023428204372,0.00514555013085697
POINT(417250 6434750),E4170N64345,417250,6434750,500,0.228312285643805,0.0269499550399071,0,0.321844557441492,0.24797377195286,0.0788951753443625,0,0.00576221283232671,0,0.0453274129246342,0.0423232829621142,0.000160423977655232,0.000346630380290768,0.00210429150055305
POINT(417250 6434750),E4170N64345,417250,6434750,350,0.24317448933721,0.014644283513017,0,0.284154187551807,0.29079845547405,0.0910605103899512,0,0.00182606933216922,0,0.0454074778546056,0.0287565318844308,0.000177994662758579,0,0
POINT(422750 6434250),E4225N64340,422750,6434250,2000,0.186699975710939,0.0304530189308846,0,0.206043350631439,0.149261937036763,0.139388749249061,0,0.0239992987625471,0,0.115807391828184,0.143019972753837,0.000226437945110861,0.000924949866634974,0.00417491728459802
POINT(422750 6434250),E4225N64340,422750,6434250,1500,0.185562767634594,0.0295393081886128,0,0.229735351772323,0.14117422785513,0.106772911466498,0,0.0366676834902336,0,0.105307058612363,0.157991711561638,0.000133477987538164,0.00135982026096114,0.00575568117010751
POINT(422750 6434250),E4225N64340,422750,6434250,1000,0.205619623705864,0.0287808124415654,0,0.258145436005384,0.128742909759388,0.0149474077406301,0,0.0259776214224718,0,0.173998935096173,0.153892369910761,0.00018016307463884,0.00113182836156724,0.00858289248155776
POINT(422750 6434250),E4225N64340,422750,6434250,500,0.209025188482319,0.068395065815231,0,0.20224918307883,0.144122846609801,0.0185009647722838,0,0.0162932245675395,0,0.213806715782732,0.115854159279416,0.000677982502322011,0.00281187672559279,0.0082627923839329
POINT(422750 6434250),E4225N64340,422750,6434250,350,0.229159182549236,0.118692634848909,0,0.156898499452049,0.153021591286311,0.0355080094402194,0,0.00348583934607057,0,0.221669759921422,0.075286594329762,0.00121153380179307,0.00150451060855375,0.00356184441567367
POINT(425750 6434250),E4255N64340,425750,6434250,2000,0.285029036844738,0.0584941070512321,0,0.128999357135923,0.22706116203401,0.0249357057003737,0,0.043481851343317,0,0.0930528442184418,0.133285293026336,0.000686153808013685,0.00155312694857717,0.00342136188903842
POINT(425750 6434250),E4255N64340,425750,6434250,1500,0.328051840102153,0.0645732434232652,0,0.119543075242781,0.230980776306364,0.0302164574951687,0,0.0503632853931413,0,0.0379452356195781,0.131086692178385,0.000829904810820077,0.0017581674004124,0.00465132202793014
POINT(425750 6434250),E4255N64340,425750,6434250,1000,0.448940662269806,0.0657332030705082,0,0.0865013012091222,0.195695835931866,0.0192387009506072,0,0.0668320071899732,0,0.0224088240464305,0.0921801800023857,0.000840257292687661,0.000351811486975296,0.00127721654963888
POINT(425750 6434250),E4255N64340,425750,6434250,500,0.614408555945475,0.032719807109265,0,0.056579690770051,0.124475956297198,0.0130917424622216,0,0.0985522054318158,0,0.0169390532120604,0.0422936809186183,0.000939307853294819,0,0
POINT(425750 6434250),E4255N64340,425750,6434250,350,0.708449289710349,0.028669483399724,0,0.0672345605870446,0.077747938769836,0.00635843707693787,0,0.0457426794822824,0,0.0312478075474934,0.0336845155037249,0.000865287922607401,0,0
POINT(414250 6433750),E4140N64335,414250,6433750,2000,0.254874289364967,0.112791411990277,0,0.213342506458458,0.0714787372888157,0.0140279606676834,0,0.0398065507474373,0,0.0392398659354461,0.248545403558592,0.000497997998929141,0.000457341557394728,0.00493793443199987
POINT(414250 6433750),E4140N64335,414250,6433750,1500,0.283113361134289,0.13791216953226,0,0.19810746621118,0.0748342376309577,0.0202982217400676,0,0.0207499661481577,0,0.0594312091697716,0.198195719349181,0.000672484617005645,0.000334975414307685,0.00635018905282309
POINT(414250 6433750),E4140N64335,414250,6433750,1000,0.296104132973074,0.147230104236273,0,0.181242205414433,0.059543908467489,0.0396406124405621,0,0.0185747417586773,0,0.107168221010598,0.142416247099616,2.29555813088483e-05,7.63990440435109e-05,0.00798047197392533
POINT(414250 6433750),E4140N64335,414250,6433750,500,0.217547964063756,0.178651833814764,0,0.198573372484423,0.0780252572274344,0.0595959161912037,0,0.0519340797504516,0,0.0728776846745765,0.133898000270556,0,0,0.00889589152283416
POINT(414250 6433750),E4140N64335,414250,6433750,350,0.165811880306957,0.21912196604977,0,0.253842640922818,0.0312069020398591,0.0833314386200597,0,0.0987858027726909,0,0.009357718184895,0.130217471941462,0,0,0.00832417916148869
POINT(414750 6433750),E4145N64335,414750,6433750,2000,0.245974093580157,0.100209934960771,0,0.210035296085893,0.0678520562008978,0.0130371431832447,0,0.0361966377602171,0,0.0575549154858791,0.263691274006242,0.000505997665026424,0.000359442497627641,0.00458320857404288
POINT(414750 6433750),E4145N64335,414750,6433750,1500,0.264677681352692,0.12377605957329,0,0.188842242261484,0.0741933105013074,0.0181653918468408,0,0.0392826887958048,0,0.0536541680892328,0.230167640902702,0.000639826925447455,0.000382222245535251,0.00621876750566314
POINT(414750 6433750),E4145N64335,414750,6433750,1000,0.246339756592211,0.117897717209176,0,0.195131493970289,0.0631291736781049,0.0292811512240958,0,0.0307689466448223,0,0.103003842237644,0.203275760930938,1.30550266987237e-05,0.000264364290649154,0.0108947381953702
POINT(414750 6433750),E4145N64335,414750,6433750,500,0.225545680423876,0.0740299598239665,0,0.213528520145629,0.0257779769638734,0.00723372316796714,0,0.00715637586840646,0,0.19636569548591,0.244118263066123,3.05569578511329e-05,0,0.00621324809639702
POINT(414750 6433750),E4145N64335,414750,6433750,350,0.195793606609453,0.0547437882095999,0,0.209217920826104,0.0204499110350916,0,0,0,0,0.242813460822635,0.274671927689946,6.23631340333162e-05,0,0.00224702167313792
POINT(426750 6433250),E4265N64330,426750,6433250,2000,0.235267955182822,0.0608861690255843,0,0.150467260826662,0.185769706175266,0.0201013405013754,0,0.050663877891534,0,0.0846002328649368,0.204539814014538,0.00151589554696568,0.000641310782803753,0.00554643718751253
POINT(426750 6433250),E4265N64330,426750,6433250,1500,0.241770737006401,0.0399024524392828,0,0.13034370756199,0.210657725280712,0.0268226448292837,0,0.0757873425029581,0,0.097189705375244,0.17019178249511,0.00150895287125383,0.000907132343525173,0.00491781729423857
POINT(426750 6433250),E4265N64330,426750,6433250,1000,0.20290130329269,0.0387668265492875,0,0.116858465504623,0.229130623604388,0.042789808138464,0,0.106371981697809,0,0.0983821279385615,0.154572363736004,0.0022120182071877,0.000558942267313083,0.00745553906367248
POINT(426750 6433250),E4265N64330,426750,6433250,500,0.200498714698779,0.0768401961246163,0,0.111455796205592,0.145148958708664,0.0536287000951085,0,0.121770672723731,0,0.104871412583602,0.174276723634137,8.08485661793259e-05,0,0.0114279766595919
POINT(426750 6433250),E4265N64330,426750,6433250,350,0.178088207398861,0.117709039790252,0,0.0879969234207196,0.136571926733759,0.0463896965775654,0,0.0791433129873741,0,0.166774502849214,0.18226263697144,0.000150710809343031,0,0.0049130424614713
POINT(413750 6432750),E4135N64325,413750,6432750,2000,0.215638303104829,0.087315760084544,0,0.234921677684977,0.0818336031151398,0.0208667369369949,0,0.064687955869679,0,0.0321451777485282,0.255374544553665,0.000529816552651148,0.0008197048991529,0.00586671944983902
POINT(413750 6432750),E4135N64325,413750,6432750,1500,0.207963234693741,0.089734841973956,0,0.248414935476405,0.0862841946190974,0.0234007835223214,0,0.0587750974562285,0,0.0461864251204994,0.231538718814783,0.000708483628394802,0.000538788044736067,0.00645449664983654
POINT(413750 6432750),E4135N64325,413750,6432750,1000,0.214047084629051,0.104568741040588,0,0.240128950278019,0.091922710683749,0.0401198625476807,0,0.0562444564447048,0,0.0320727648679486,0.21409841200268,0.00134024128162781,0.000491310395010693,0.00496546582894027
POINT(413750 6432750),E4135N64325,413750,6432750,500,0.330062890038877,0.157150296307001,0,0.207077819022598,0.0562289403674602,0.0388315273959042,0,0,0,0.0339611939367356,0.173911424291636,4.32890236224382e-05,0,0.00273261961616641
POINT(413750 6432750),E4135N64325,413750,6432750,350,0.354455813445881,0.175114381133593,0,0.209190636954964,0.0377998546159438,0.0146767738251533,0,0,0,0.0188284695502254,0.186822409932368,1.62403994878428e-05,0,0.00309542014238283
POINT(416250 6432750),E4160N64325,416250,6432750,2000,0.195110981160946,0.0339258261091327,0,0.138385307132499,0.0953724193268999,0.153885405480423,0,0.0269002809346695,0,0.161320854695682,0.186886560170796,0.000603297419779,0.00144968440830588,0.00615938316086587
POINT(416250 6432750),E4160N64325,416250,6432750,1500,0.23750395632731,0.0272932736971406,0,0.111900409732093,0.0837652416083862,0.132995658358506,0,0.034863249981989,0,0.207388228382007,0.157766714817529,0.000248281754095738,0.000956875050863276,0.00531811029007974
POINT(416250 6432750),E4160N64325,416250,6432750,1000,0.275443961675579,0.0296758817163229,0,0.0856951871657754,0.0933254551820728,0.0427530557677617,0,0.0784398077412783,0,0.302002482811306,0.0894156639928699,0.000224248790425261,0.000550754392666157,0.00247350076394194
POINT(416250 6432750),E4160N64325,416250,6432750,500,0.449444818625473,0.0326083911899254,0,0.0350459436300879,0.0975479330140982,0,0,0.00966904289302907,0,0.370464045305754,0.00399213668118546,0,0.000167426558308368,0.00106026210213911
POINT(416250 6432750),E4160N64325,416250,6432750,350,0.35244957034427,0.0197008910126987,0,0.0212359325751021,0.0820302045249621,0,0,0.0141674656938024,0,0.506989213783283,0.00132066842842406,0,0,0.00210605363745735
POINT(411750 6432250),E4115N64320,411750,6432250,2000,0.363459828076578,0.113358724446794,0,0.224225954409984,0.0805474667780438,0.0102405238546598,0,0.0578666905165039,0,0.00145731955693472,0.147516966947613,8.9242037949105e-05,0.000208734788543622,0.0010285485863954
POINT(411750 6432250),E4115N64320,411750,6432250,1500,0.413079273626153,0.124139516912914,0,0.197794382155357,0.0855356608276037,0.00591854981477535,0,0.0821973668162672,0,0.00128269766433375,0.0889382860652173,9.26662248049505e-05,0.000168085059201668,0.000853514833371729
POINT(411750 6432250),E4115N64320,411750,6432250,1000,0.432730047225943,0.15272984350806,0,0.162699526149021,0.0740533603981029,0.00560025235552781,0,0.116861251728618,0,0.00132209723104425,0.0528517400133276,3.15921873555175e-05,0.000155096154045097,0.00096519304895484
POINT(411750 6432250),E4115N64320,411750,6432250,500,0.292336412900762,0.216486428417962,0,0.111790366603802,0.0659616287489954,0.0157998519897825,0,0.24344083967947,0,0.00320816125156167,0.0501003445614203,6.90714348237803e-05,0.000221537873904844,0.000585356537515816
POINT(411750 6432250),E4115N64320,411750,6432250,350,0.229830086554777,0.177111185600362,0,0.0904849510059947,0.115654955397396,0,0,0.347295520510962,0,0.00358068095301201,0.0348603196628235,0.000119529262582404,0.000382623563375195,0.000680147488716178
POINT(400250 6431750),E4000N64315,400250,6431750,2000,0.213743981105909,0.488591443560404,0,0.0601909268200835,0.212193962345704,0.0105514989953836,0,0,0,0.00190001989036684,0.0123585784205816,1.47077503802531e-05,0.000303133716102336,0.000151747395085296
POINT(400250 6431750),E4000N64315,400250,6431750,1500,0.223617795330034,0.50421237237842,0,0.0562846567460869,0.191284836405441,0.00942093049740874,0,0,0,0.00222383769025875,0.012901449840834,4.54731019496795e-06,2.39951814752327e-05,2.55786198466947e-05
POINT(400250 6431750),E4000N64315,400250,6431750,1000,0.231254844959697,0.508250809046537,0,0.05253147053229,0.185407626591847,0.00522538760474114,0,0,0,0.00380372150255642,0.0135234315234545,2.70823887686466e-06,0,0
POINT(400250 6431750),E4000N64315,400250,6431750,500,0.312113343323755,0.387805107846894,0,0.0424432691340546,0.25568390884356,0,0,0,0,0.000194800482290344,0.00175957036944612,0,0,0
POINT(400250 6431750),E4000N64315,400250,6431750,350,0.321813051036397,0.234018807669621,0,0.0500593748619567,0.391755209267156,0,0,0,0,0.000266342378580356,0.00208721478628947,0,0,0
POINT(399250 6430750),E3990N64305,399250,6430750,2000,0.182334413339313,0.558041840997172,0,0.0518979567169466,0.168654465608614,0.0205483165292447,0,0.00245815701277343,0,0.00189943354674397,0.0136606756255422,5.48836038166309e-06,0.000444787618258979,5.44646450088704e-05
POINT(399250 6430750),E3990N64305,399250,6430750,1500,0.188384110126024,0.568431919506993,0,0.0549766235349042,0.163484512104121,0.0131866983450029,0,0,0,0.00154050314109014,0.00945363270281826,9.32581212517888e-06,0.000489391568355284,4.32831585657157e-05
POINT(399250 6430750),E3990N64305,399250,6430750,1000,0.184115035659778,0.562458584993203,0,0.0647244290110476,0.1748936190869,0.00167685269264489,0,0,0,0.00187261283045366,0.0101123639317835,2.70562792093423e-06,4.70301794491803e-05,9.67659868192949e-05
POINT(399250 6430750),E3990N64305,399250,6430750,500,0.167777008195626,0.484831026496685,0,0.0947513365477535,0.22757279872272,0,0,0,0,0.00126492992912063,0.0236147839560795,0,0.000188116152015676,0
POINT(399250 6430750),E3990N64305,399250,6430750,350,0.197617599904377,0.532125438165694,0,0.0798650358717711,0.167166870645952,0,0,0,0,0.00174486738748009,0.0210962652302367,0,0.000383922794490221,0
POINT(401750 6430750),E4015N64305,401750,6430750,2000,0.243514763950842,0.432448369447311,0,0.0723971167387152,0.185582893821622,0.00780856573008083,0,0.00289773643883876,0,0.00212553591243733,0.0518819878651816,4.21760947049087e-06,0.000370194702957048,0.000968617782543677
POINT(401750 6430750),E4015N64305,401750,6430750,1500,0.276416329308353,0.414464260331603,0,0.0616185934532369,0.192554103563659,0.0126446103656039,0,0.00434291319772321,0,0.00235757942917781,0.0336810703160912,2.82942069839369e-06,0.000348690733318293,0.00156901988053549
POINT(401750 6430750),E4015N64305,401750,6430750,1000,0.246068802521008,0.438772122485358,0,0.0665079895594601,0.187964413037942,0.0139513305322129,0,0.00902724726254138,0,0.000744127196333079,0.03400536350904,0,0.000611312706900942,0.00234729118920295
POINT(401750 6430750),E4015N64305,401750,6430750,500,0.250790342479619,0.503763277944638,0,0.0620248555229756,0.155412588694697,0.00909355388652426,0,0,0,0.00197060422526066,0.014028181136438,0,0.00144477024365339,0.00147182586619371
POINT(401750 6430750),E4015N64305,401750,6430750,350,0.226711282263157,0.624298740005665,0,0.0536426542771988,0.070761323448783,0.0112532903027988,0,0,0,0.000115631569237325,0.0132170781331608,0,0,0
POINT(398750 6430250),E3985N64300,398750,6430250,2000,0.141524972147554,0.588603121630131,0,0.0535637812948595,0.164170304155553,0.0224934171997598,0,0.00913212913668973,0,0.00184558768966122,0.0180170585039594,5.49519256643908e-06,0.000457401372095051,0.000186731677171783
POINT(398750 6430250),E3985N64300,398750,6430250,1500,0.13221094222574,0.603158503546272,0,0.0539509340961074,0.168797650760288,0.017069647499098,0,0.00514611499847972,0,0.00129240863950878,0.0178843791892005,9.26635278723934e-06,0.000368143000619749,0.00011200969189766
POINT(398750 6430250),E3985N64300,398750,6430250,1000,0.131539353477476,0.638095209295837,0,0.0596415090751137,0.138673537263937,0.0164198192338155,0,0,0,0.000400751241465435,0.0145845281532124,1.81436225286178e-05,0.000572399459861174,5.47491767530221e-05
POINT(398750 6430250),E3985N64300,398750,6430250,500,0.129036858033737,0.738385816997042,0,0.0522055743494873,0.0605412525034408,0,0,0,0,0.00045071484137766,0.0191607918830586,0,0,0.000218991391855812
POINT(398750 6430250),E3985N64300,398750,6430250,350,0.143366255849788,0.785293613239685,0,0.0314147587457742,0.0297764283097263,0,0,0,0,0,0.00970200835145761,0,0,0.000446935503568988
POINT(400250 6429250),E4000N64290,400250,6429250,2000,0.163670025654004,0.551974381129049,0,0.0901894695176987,0.119977407144116,0.00528040663798334,0,0.00467744771075049,0,0.0019807642414878,0.0569031247250223,8.05722467762e-06,0.000456476593155533,0.00488243942205468
POINT(400250 6429250),E4000N64290,400250,6429250,1500,0.162260486443202,0.586940193367562,0,0.0666619297448474,0.129717444499764,0.00361557523944238,0,0,0,0.00291508141003756,0.0450595856546814,0,0.000459144243831836,0.00237055939663169
POINT(400250 6429250),E4000N64290,400250,6429250,1000,0.211274589381207,0.601250557040998,0,0.0436761522790935,0.121650353323147,0,0,0,0,0.00588816208301502,0.0157232779475427,0,0.000497676343264579,3.92316017316017e-05
POINT(400250 6429250),E4000N64290,400250,6429250,500,0.188355833001239,0.663866993286386,0,0.0347967136012752,0.0817929665567041,0,0,0,0,0.00757430110552457,0.0236131924488712,0,0,0
POINT(400250 6429250),E4000N64290,400250,6429250,350,0.216253121402754,0.628705082332276,0,0.0405684915666908,0.0694796319538097,0,0,0,0,0.0135626736097577,0.0314309991347121,0,0,0
POINT(412250 6429250),E4120N64290,412250,6429250,2000,0.209958878488609,0.0586930350665136,0,0.291262070251518,0.118303500066318,0.0309935743298987,0,0.0279689700786141,0,0.00687749166081755,0.252254576849344,0.000247645404089838,0.000634113882548159,0.00280614392172877
POINT(412250 6429250),E4120N64290,412250,6429250,1500,0.224692225190168,0.0580045323805254,0,0.291535058750297,0.154508374647317,0.0275744867472521,0,0.0431150522603104,0,0.00962473905212591,0.188223343970192,0.000177758443393432,0.000377338804728318,0.00216708975368996
POINT(412250 6429250),E4120N64290,412250,6429250,1000,0.263771812943604,0.0588986878652202,0,0.266294414498609,0.161661119595824,0.0142505501977019,0,0.073024540377222,0,0.0157236858439558,0.145736978442181,0.00018764335857102,0,0.000450566877111585
POINT(412250 6429250),E4120N64290,412250,6429250,500,0.32335893325728,0.0638967863013245,0,0.21543182683383,0.134251272250862,0.00601430573999356,0,0.119354446480159,0,0.0433908525258493,0.0934284757562524,0.000106630982953048,0,0.000766469871495342
POINT(412250 6429250),E4120N64290,412250,6429250,350,0.352721759262868,0.0586895175435177,0,0.210744381475043,0.162335679744727,0,0,0.097760645250141,0,0.0705333083880959,0.047214708335607,0,0,0
POINT(414250 6428750),E4140N64285,414250,6428750,2000,0.238643652671397,0.0482088737993882,0,0.234757919232497,0.0971094558178711,0.0166037625791762,0,0.0160265863919871,0,0.0231444627114779,0.311578016645799,0.000288886509519249,0.00128678936176672,0.01235159427912
POINT(414250 6428750),E4140N64285,414250,6428750,1500,0.244837630412499,0.0466185537534729,0,0.244220108973789,0.103276216490708,0.0285787224181715,0,0.0196755911600639,0,0.00945483325824754,0.295087570976945,0.000212807932229109,0.00163742211042231,0.0064005425134509
POINT(414250 6428750),E4140N64285,414250,6428750,1000,0.269221978998593,0.0492945630553104,0,0.256522554278888,0.13602292972464,0.0431971107706617,0,0.0390778708549372,0,0.00868777332816823,0.190803234276558,0.000139419448503771,0.00124721519200891,0.00578535007173099
POINT(414250 6428750),E4140N64285,414250,6428750,500,0.421077928175257,0.0745780515171047,0,0.268280773791051,0.142429436526694,0.0160564030334137,0,0,0,0.0195917782711452,0.0533291954132748,0.000139416075819428,0.000472359489762627,0.00404465770647823
POINT(414250 6428750),E4140N64285,414250,6428750,350,0.310901660483405,0.0973066271873382,0,0.330581776582773,0.186545673525096,0.0230665642005728,0,0,0,0.0210254707929408,0.0234810191955026,0.000284531799027005,9.8741628886084e-05,0.00670793460445857
POINT(403750 6427250),E4035N64270,403750,6427250,2000,0.305398965161523,0.264646880861198,0,0.133532193667341,0.0866362644592171,0.00252177296646568,0,0.00344507156200736,0,0.000794283482589992,0.191208653565853,4.47822697385115e-05,0.00329546575639492,0.00847566624767094
POINT(403750 6427250),E4035N64270,403750,6427250,1500,0.293803631236725,0.315761389817352,0,0.121307508074284,0.0818987637339221,0.00241816482750752,0,0,0,0.00063700881513248,0.172620723798481,3.86215993628709e-05,0.0037085931007252,0.00780559499650814
POINT(403750 6427250),E4035N64270,403750,6427250,1000,0.290772775019099,0.421241166921314,0,0.102842182327476,0.0559445823784059,0,0,0,0,0.000764021517697988,0.114565667175961,4.63139801375095e-05,0.00331320028011204,0.0105100903997963
POINT(403750 6427250),E4035N64270,403750,6427250,500,0.30578837537671,0.55029353758949,0,0.072764027862835,0.0155105109502062,0,0,0,0,1.90980864990534e-05,0.042763798685797,0,0.000213898568789398,0.0126467528796731
POINT(403750 6427250),E4035N64270,403750,6427250,350,0.341797174432171,0.553919390504699,0,0.0626658143710552,0.0142837468785972,0,0,0,0,0,0.0223357317139717,0,0,0.00499814209950551
POINT(423250 6426750),E4230N64265,423250,6426750,2000,0.16140328209598,0.051392892279843,0,0.245386695047912,0.0399052030551207,0.00322829940149314,0,0.00387910730512746,0,0.00311861834703983,0.485078263103678,0.000850406703140775,0.000385118897424094,0.00537211376324039
POINT(423250 6426750),E4230N64265,423250,6426750,1500,0.176700836312172,0.0512276400502301,0,0.25002677098109,0.0321324108519462,0,0,0.00254845089757983,0,0.00458652488675726,0.477236013289761,0.000691627552496875,0.000305548572540157,0.00454417660542678
POINT(423250 6426750),E4230N64265,423250,6426750,1000,0.212762912910856,0.0560950294275865,0,0.234914590211093,0.0292747748364795,0,0,0,0,0.00835512434668611,0.4541447414456,0.000605323066659213,0.000195295362484853,0.00365220839255442
POINT(423250 6426750),E4230N64265,423250,6426750,500,0.332533706391309,0.0780882905321349,0,0.183870146660478,0.0470773038532471,0,0,0,0,0.0259085639069013,0.330232147867405,0.000468383922485878,0,0.00182145686603959
POINT(423250 6426750),E4230N64265,423250,6426750,350,0.388157890463053,0.0591728699579244,0,0.142663464492965,0.0552563352174362,0,0,0,0,0.0471829078240398,0.306532343405196,0.000502153152164098,0,0.000532035487221729
POINT(423750 6424250),E4235N64240,423750,6424250,2000,0.201137965303003,0.0596087713828778,0,0.207612208392883,0.0502779857025962,0.00181938468200429,0,0.0274007917981185,0,0.00151270620486777,0.445286306096968,0.00103658388282463,0.000564054535660935,0.00374324201819568
POINT(423750 6424250),E4235N64240,423750,6424250,1500,0.210182861030081,0.0651031910129877,0,0.211937527889714,0.0663045641462624,0.00302666947203987,0,0.00566294926423146,0,0.00169867964608017,0.431005061024825,0.000994259347698386,0.000777136477197518,0.00330710068888323
POINT(423750 6424250),E4235N64240,423750,6424250,1000,0.245507818872405,0.0742708128587446,0,0.219658629089182,0.0576453539958572,0.0025086759204513,0,0,0,0.00229867129700733,0.395077902245593,0.000870417041011778,0.000133769523307808,0.00202794915644031
POINT(423750 6424250),E4235N64240,423750,6424250,500,0.274410712250857,0.0937191446343573,0,0.236408042336665,0.0868772507905021,0.01003445933601,0,0,0,0.00519977566100111,0.292600059713388,0.000333261821563918,0,0.000417293455654533
POINT(423750 6424250),E4235N64240,423750,6424250,350,0.278255209432944,0.0869933238965785,0,0.244927960835952,0.0793726788409032,0.00529372061705723,0,0,0,0.00980530359477995,0.295210186498252,0.000118230108271495,0,2.33861752624936e-05
POINT(402750 6423750),E4025N64235,402750,6423750,2000,0.341336907091518,0.273240546541395,0,0.125611344720156,0.0810779193236806,0.00202135565508624,0,0.00112420388552231,0,0.00239290456939184,0.161804963551997,5.09847565774785e-05,0.000413716307098504,0.0109251535975774
POINT(402750 6423750),E4025N64235,402750,6423750,1500,0.349174675403449,0.25556570217579,0,0.123228348823827,0.0890549130607162,0.00310182416347266,0,0.00189921388057648,0,0.00261258180123101,0.163836313716364,3.56507121477326e-05,0.000453485546783956,0.0110372907156421
POINT(402750 6423750),E4025N64235,402750,6423750,1000,0.334333115981206,0.183062720120754,0,0.146940038028399,0.127367285358939,0.00697908820013499,0,0.00427322133199983,0,0.00260894171901924,0.177160471918843,1.94168607424339e-05,0.000782801881652961,0.0164728985983096
POINT(402750 6423750),E4025N64235,402750,6423750,500,0.355975281983247,0.0894064187395518,0,0.132781992796202,0.237159401542361,7.51191402296099e-05,0,0.0170924691152111,0,0.00218482109549171,0.129265080167401,3.78778715564559e-05,0.00248911727370996,0.0335324202750379
POINT(402750 6423750),E4025N64235,402750,6423750,350,0.372384972573231,0.0771152132168183,0,0.111737773585592,0.309574943548408,0,0,0.0251602601580385,0,0.00315648199395598,0.0795168419329441,3.50792401057054e-05,0.00225806367791541,0.0190603700729908
POINT(415250 6423750),E4150N64235,415250,6423750,2000,0.0824972309412412,0.0537523369761729,0,0.198878271331451,0.00266382706550397,0,0,0,0,0.00265093546190685,0.656876780242424,0.00113354597184637,0.00038583296321367,0.00116123904624017
POINT(415250 6423750),E4150N64235,415250,6423750,1500,0.0946143695305592,0.0626473756675551,0,0.193170876249728,0.00207301645450842,0,0,0,0,0.00331849569026695,0.64206932122036,0.000830225176208874,0.000307806496913429,0.000968513513900648
POINT(415250 6423750),E4150N64235,415250,6423750,1000,0.107954396698936,0.0663891747267369,0,0.197068986742473,0.00233663322529631,0,0,0,0,0.00517619605532894,0.619613490641013,0.00068667398089711,0.000252897196812031,0.000521550732506624
POINT(415250 6423750),E4150N64235,415250,6423750,500,0.188539516466587,0.0905217456348783,0,0.20370154042522,0.00471788048693925,0,0,0,0,0.0141609624196087,0.497226788979729,0.000829178158715204,0,0.000302387428322243
POINT(415250 6423750),E4150N64235,415250,6423750,350,0.184175344459097,0.111605397013064,0,0.221172947374575,0.00306489018234732,0,0,0,0,0.0269421906364292,0.452597491181457,0.000246204616174149,0,0.000195534536855987
POINT(418750 6422750),E4185N64225,418750,6422750,2000,0.054876323424378,0.00763142172382444,0,0.0908839787194114,0.00767672132878682,0.000898153695929515,0,0,0,0.153947773037003,0.667682217362545,0.000825996617669285,0.000659022711455303,0.0149183913789978
POINT(418750 6422750),E4185N64225,418750,6422750,1500,0.0623243236169679,0.00613136527919888,0,0.0853018767226339,0.00684434516304388,0.000927521080104929,0,0,0,0.203268623190892,0.619805201120877,0.000653809520946415,0.000837722185066362,0.013905212120269
POINT(418750 6422750),E4185N64225,418750,6422750,1000,0.0716477956911724,0.00515955738434943,0,0.0888813078189214,0.00959042486989897,0.000106315354897525,0,0,0,0.285211868358672,0.524234012191888,0.000547890133584925,0.00122135334353833,0.0133994748530763
POINT(418750 6422750),E4185N64225,418750,6422750,500,0.135046285877802,0.00914004044344554,0,0.138895193035808,0.00824911329034772,0,0,0,0,0.112410561131322,0.579953788923156,0.00065442880556239,0.0012697064714924,0.0143808820210646
POINT(418750 6422750),E4185N64225,418750,6422750,350,0.120724219289994,0.0140486225515926,0,0.174394296880278,0.00284922123884607,0,0,0,0,0.00856520338216723,0.67065380078058,0.000273488860363474,0.00124076893894118,0.00725037807723689
POINT(413250 6421750),E4130N64215,413250,6421750,2000,0.104208719316495,0.0612485989855201,0,0.229926365595457,0.0109196070248136,0.00121990566784339,0,0.0313305810868327,0,0.00440303205217143,0.550855617035047,0.000715144556205524,0.000146681525938279,0.00502574715367612
POINT(413250 6421750),E4130N64215,413250,6421750,1500,0.105581276611638,0.0554360280175441,0,0.237564636473199,0.0102523551082673,0.00132187255387263,0,0.0191998849555306,0,0.00523673738298731,0.56012488238429,0.000587565718728722,0.000108437759201966,0.00458632303474068
POINT(413250 6421750),E4130N64215,413250,6421750,1000,0.10766661276625,0.0628242778511304,0,0.238976860805782,0.00416102197736437,0,0,0,0,0.00871372385246225,0.570780106671895,0.000708000010185905,0,0.00616939606493005
POINT(413250 6421750),E4130N64215,413250,6421750,500,0.189457655204727,0.119028937766598,0,0.240181266478083,0.0110463437792539,0,0,0,0,0.0295832825376798,0.40547377145871,0.00100615181783718,0,0.00422259095711107
POINT(413250 6421750),E4130N64215,413250,6421750,350,0.234200354690555,0.142697986838772,0,0.223753873337794,0.0189668500750307,0,0,0,0,0.0587604019826293,0.312811734670677,0.000919856824545106,0,0.00788894157999701
POINT(421250 6421250),E4210N64210,421250,6421250,2000,0.194029179681255,0.0471976263268872,0,0.190777100934743,0.0231504430046377,0.000158061049881879,0,0,0,0.0920768979242735,0.439375818605041,0.000683253454643581,0.00032652687372074,0.0122250921449169
POINT(421250 6421250),E4210N64210,421250,6421250,1500,0.202258842516513,0.0570182381854563,0,0.204374084681271,0.0192740376562408,0,0,0,0,0.057040236958618,0.446619658612994,0.000358735620866211,0.000533700139886733,0.0125224656281548
POINT(421250 6421250),E4210N64210,421250,6421250,1000,0.213539653192034,0.0666792770359128,0,0.222613946516649,0.0223404070767249,0,0,0,0,0.00584424565296381,0.459803055422971,0.000558951831625628,0.000302871678696917,0.00831759159242226
POINT(421250 6421250),E4210N64210,421250,6421250,500,0.22409578345275,0.107733784897841,0,0.269997485413809,0.0298869709422059,0,0,0,0,0.00125315516906613,0.363725343527487,0.000556391982607976,0,0.00275108461423383
POINT(421250 6421250),E4210N64210,421250,6421250,350,0.266841153745463,0.14535176426185,0,0.231491604676981,0.0477949081734139,0,0,0,0,0.00217621635878077,0.305749303773169,1.2992336470333e-05,0,0.000582056673870917
POINT(408750 6420250),E4085N64200,408750,6420250,2000,0.197266836887059,0.0744583408757945,0,0.157654537195479,0.16701393321608,0.00156911043999371,0,0.000542858258648296,0,0.00555174876375754,0.388987296496043,0.00051251931173443,0.00135830946851875,0.00508450908689259
POINT(408750 6420250),E4085N64200,408750,6420250,1500,0.189506345421155,0.08269010842876,0,0.161514483546468,0.187914335709164,0.00278952724777691,0,0.000965080510321643,0,0.00747582833542445,0.360695860997566,0.000366799207408134,0.00142592263475786,0.00465570796119801
POINT(408750 6420250),E4085N64200,408750,6420250,1000,0.219130394647946,0.0858160537751892,0,0.150543155194133,0.21718337565522,0.00572200926439495,0,0,0,0.0101040951299458,0.307953437701679,0.000235469375055207,0.000765931982056899,0.00254607727438031
POINT(408750 6420250),E4085N64200,408750,6420250,500,0.246318045729761,0.0538531368945346,0,0.168726290506271,0.196959646354141,0.0195841452677776,0,0,0,0.00102174827814726,0.311936884603559,7.25727748964406e-05,0.000182386842173949,0.00134514274873841
POINT(408750 6420250),E4085N64200,408750,6420250,350,0.295808482815384,0.051007197095437,0,0.177154175309266,0.18898498152817,0.0198918909086893,0,0,0,0.0010803113739313,0.266018393226844,5.45677422791517e-05,0,0
POINT(409250 6418750),E4090N64185,409250,6418750,2000,0.247237672544626,0.0952845856082082,0,0.219211735340344,0.0872008145881336,0.00156911109554043,0,0.000882157472847825,0,0.00700247060592493,0.340049245005541,0.000222976432178937,0.000323960405210725,0.0010152709014443
POINT(409250 6418750),E4090N64185,409250,6418750,1500,0.284245613023693,0.118509679191167,0,0.20209890142343,0.084407562128384,0.000613454295886567,0,0,0,0.00422931554663658,0.303999407235861,0.000266637759393994,0.000429718633324981,0.00119971076222359
POINT(409250 6418750),E4090N64185,409250,6418750,1000,0.329523410727832,0.128272328178077,0,0.170477981874996,0.128653105579905,0.00128732205420535,0,0,0,0.00164080444060457,0.239215743382928,0.000228068554574553,0.00024684879842647,0.000454386408451046
POINT(409250 6418750),E4090N64185,409250,6418750,500,0.381439200426524,0.139489921777396,0,0.117611146920035,0.254878369022894,0,0,0,0,0.00312221983496065,0.103309540292997,0.000149601725194363,0,0
POINT(409250 6418750),E4090N64185,409250,6418750,350,0.379542683342742,0.177477034451084,0,0.100526123981808,0.258268474591245,0,0,0,0,0.00559839051144916,0.0784398302943215,0.000147462827349612,0,0
POINT(414750 6418750),E4145N64185,414750,6418750,2000,0.0854425269527959,0.0469081313402611,0,0.23052753665699,0.0125178007709839,0.00130192990288604,0,0.0620492486488563,0,0.00311701618722501,0.55190470164365,0.000653133442005878,0.000279138450343725,0.00529883600400188
POINT(414750 6418750),E4145N64185,414750,6418750,1500,0.080849687645627,0.0452420106233591,0,0.225723250545301,0.0163549253357183,0.00145506717479367,0,0.102828731792296,0,0.00261166537974986,0.518502565015235,0.000662014714707662,0.000438065725845128,0.00533201604736684
POINT(414750 6418750),E4145N64185,414750,6418750,1000,0.0773205474795144,0.0433582028503338,0,0.197252145962706,0.0177447170977054,0.00327389222742446,0,0.197612392677991,0,0.000450248711085477,0.452842614759309,0.000647043525951928,0.000927076260895334,0.00857111844708281
POINT(414750 6418750),E4145N64185,414750,6418750,500,0.0532022269663329,0.0343422119361245,0,0.159778882143368,0.00609866144566923,0.0130952521156721,0,0.360547071576195,0,0.000164243700728879,0.361808183092257,0.000223129523664621,0.000502598456300194,0.0102375390436879
POINT(414750 6418750),E4145N64185,414750,6418750,350,0.0690555227138375,0.0345888252986611,0,0.158771445461455,0.0106952844345414,0.0267258683747247,0,0.353475772556306,0,4.93708465151328e-05,0.336190779344797,0.000180593359621144,0,0.0102665376095416
POINT(417250 6418750),E4170N64185,417250,6418750,2000,0.0763504247949277,0.0344309205833454,0,0.198184799923558,0.0054576602357972,0,0,0.00373520005734372,0,0.00093541643717607,0.675989603407025,0.000921908115841236,0.000108464459377782,0.00388560198560785
POINT(417250 6418750),E4170N64185,417250,6418750,1500,0.0789658351009309,0.0355290023046763,0,0.19567211908304,0.00595778781494245,0,0,0,0,0.000848899527071502,0.678892913634182,0.000830013086464212,2.07963053878028e-05,0.00328263314330532
POINT(417250 6418750),E4170N64185,417250,6418750,1000,0.083906112790861,0.0399442797851883,0,0.201308732723212,0.0016807578649497,0,0,0,0,0.00106968170165493,0.667425597955811,0.00101588726404753,0,0.00364894991427506
POINT(417250 6418750),E4170N64185,417250,6418750,500,0.0995676190464065,0.0420304589209447,0,0.200736931966843,0.00223638735272979,0,0,0,0,0.000718406811145905,0.640100468731001,0.00284593500153103,0,0.0117637921693976
POINT(417250 6418750),E4170N64185,417250,6418750,350,0.141534989593159,0.0526396478563986,0,0.238754505083891,0.00375737638465556,0,0,0,0,0.000654812481973168,0.535492395600284,0.00561852495693049,0,0.0215477480427083
POINT(421750 6418750),E4215N64185,421750,6418750,2000,0.230690942972741,0.0400422687473134,0,0.1630532120202,0.123530455710279,0.00227986106284621,0,0.00166576549446655,0,0.149726555397472,0.282418466573536,0.000485815460020366,0.000818245984553537,0.00528841057657103
POINT(421750 6418750),E4215N64185,421750,6418750,1500,0.247623771298559,0.029926527019484,0,0.144419526907972,0.157500908182514,0.00296486840802399,0,0.000861758222604827,0,0.179830094123005,0.230544629947252,0.000409423982702832,0.00121113127212084,0.00470736063576212
POINT(421750 6418750),E4215N64185,421750,6418750,1000,0.256375103544675,0.00677964833186781,0,0.114789284794116,0.230717361969892,0.00604587845216594,0,0,0,0.21520301762863,0.168228050837768,3.81375621069005e-05,0.000782098690137961,0.00104141818863937
POINT(421750 6418750),E4215N64185,421750,6418750,500,0.304878988157913,0.00536274268893419,0,0.199437815993756,0.255968152030954,0.0085890461015076,0,0,0,0.0269553575862056,0.195521435055684,3.27850484900416e-05,0.00185124118464157,0.00140243615191382
POINT(421750 6418750),E4215N64185,421750,6418750,350,0.386533599415866,0.00433878230862975,0,0.246340065948971,0.139423739031241,0.0164749001540888,0,0,0,0.000999108727455092,0.204435315180476,4.15753956808361e-05,0,0.00141291383759091
POINT(423750 6418750),E4235N64185,423750,6418750,2000,0.363987427661259,0.0868625827015685,0,0.192977248423403,0.18803284694678,0.000820093729593157,0,0.0126757085210016,0,0.00166902415251141,0.151555291544714,0.000631247854481084,8.7888726668128e-05,0.000700639738020364
POINT(423750 6418750),E4235N64185,423750,6418750,1500,0.334404209600716,0.105829915461661,0,0.21380405330447,0.179210143126916,0,0,0.00560521402310548,0,0.00185819779539602,0.157977883549063,0.000735059032739929,0,0.000575324105932666
POINT(423750 6418750),E4235N64185,423750,6418750,1000,0.373594685091073,0.115871966597351,0,0.190658114631485,0.177340270138604,0,0,0.00738970868936847,0,0.00148147664560504,0.132155789752923,0.00120998936263464,0,0.000297999090955485
POINT(423750 6418750),E4235N64185,423750,6418750,500,0.402225502144876,0.107687528269174,0,0.12509481413247,0.246357593549679,0,0,0.00795531552774589,0,0.00142471861329935,0.108473733580802,0.000310025900213039,0,0.000470768281740334
POINT(423750 6418750),E4235N64185,423750,6418750,350,0.504007161375862,0.0897549580380013,0,0.107888362049645,0.196138807524382,0,0,0,0,0.0018806407040807,0.0999890214756826,0.000341048832346241,0,0
POINT(424250 6418750),E4240N64185,424250,6418750,2000,0.35699315419221,0.1009120508102,0,0.20494427364277,0.165074636656701,0,0,0.0151101277061497,0,0.00191883115504706,0.153676826159321,0.000752173321769126,0,0.000617926355832728
POINT(424250 6418750),E4240N64185,424250,6418750,1500,0.333641199532666,0.115885398886171,0,0.226225587256665,0.138214954750617,0,0,0.0128853126591876,0,0.00213304423087195,0.169814659272409,0.000832835891617652,0,0.000367007519793966
POINT(424250 6418750),E4240N64185,424250,6418750,1000,0.367035465578835,0.111954586407886,0,0.197966588175239,0.17325426320367,0,0,0.00835060471559153,0,0.00169162697257838,0.138552953496041,0.000861994820538242,0,0.000331916629620977
POINT(424250 6418750),E4240N64185,424250,6418750,500,0.459813952748136,0.106736693006119,0,0.164235320330715,0.203770281776441,0,0,0.00664995583566091,0,0.00146800671616256,0.0568741196972952,0.000451669889469789,0,0
POINT(424250 6418750),E4240N64185,424250,6418750,350,0.459575723087077,0.0868354108038863,0,0.157575946554829,0.242405344517115,0,0,0.0135717682275629,0,0.00116411107906341,0.0382863921131474,0.00058530361731927,0,0
POINT(420250 6418250),E4200N64180,420250,6418250,2000,0.1370587798197,0.0174873885339157,0,0.152479802867018,0.0344905420954807,0.00187508098314422,0,0,0,0.150566599779574,0.494983215321901,0.000745424041643997,0.0010751907748046,0.0092379757828174
POINT(420250 6418250),E4200N64180,420250,6418250,1500,0.104889165280174,0.0210114180730332,0,0.168756238129067,0.0167499660293853,0.00232980667724158,0,0,0,0.188444205225019,0.49155973692316,0.000554319329716053,0.000979200932212322,0.00472594340099131
POINT(420250 6418250),E4200N64180,420250,6418250,1000,0.110461017119637,0.0270786641316502,0,0.194853843443319,0.0161144156936743,0.00179104767416063,0,0,0,0.16042079872116,0.481350249570521,0.000483352893448778,0.00146056289205777,0.00598604786037165
POINT(420250 6418250),E4200N64180,420250,6418250,500,0.167191599629624,0.0447844475121679,0,0.24544963492358,0.0248071806373105,0,0,0,0,0.0856684229507164,0.427484609305048,2.70556655996124e-05,0.000650609182183621,0.00393644019376949
POINT(420250 6418250),E4200N64180,420250,6418250,350,0.148473076648239,0.0573871129098267,0,0.307494624424277,0.0131982564295783,0,0,0,0,0.0894872577742843,0.37723419320891,5.5217394128767e-05,0.00132781592469647,0.00534244528605858
POINT(406750 6416750),E4065N64165,406750,6416750,2000,0.24033367107215,0.186916913992709,0,0.2261434154946,0.0944402885787112,0.0787995760795542,0,0,0,0.0121736089994132,0.159173709386708,0.000595681468766643,0.000216649686733631,0.00120648524065429
POINT(406750 6416750),E4065N64165,406750,6416750,1500,0.239549786261892,0.162724470020406,0,0.24187023769982,0.0793212948685751,0.0807330015419388,0,0,0,0.0125694750116793,0.181170523314061,0.00095054723976744,0.000119286477475361,0.000991377564384723
POINT(406750 6416750),E4065N64165,406750,6416750,1000,0.176205511384376,0.217625206413712,0,0.234652054778823,0.0796522374088531,0.0941613378353957,0,0,0,0.00741350598011887,0.186778715826798,0.00205635843359616,9.44583205246949e-05,0.00136061361780222
POINT(406750 6416750),E4065N64165,406750,6416750,500,0.155705475582293,0.24850915514813,0,0.305539560903021,0.0941513682987578,0,0,0,0,0.0215910302625192,0.170936204413251,0.000335171524743966,0.00021899146156111,0.00301304240572306
POINT(406750 6416750),E4065N64165,406750,6416750,350,0.147259401885964,0.250633375168575,0,0.371244247654238,0.0663790168977999,0,0,0,0,0.0277847070103912,0.131165826064135,0.000468372816966919,0.000446935503568988,0.00461811699836037
POINT(415750 6416750),E4155N64165,415750,6416750,2000,0.14176411027905,0.0753206654399115,0,0.263151319113279,0.0286642928002456,0.000303727842982235,0,0.00145052078074787,0,0.00139362278959511,0.479121809348161,0.000794701802303553,0.000503527327299427,0.00753170247642538
POINT(415750 6416750),E4155N64165,415750,6416750,1500,0.130686616748784,0.0649701957286091,0,0.271540026999074,0.0222237485394423,0.000539960260028337,0,0,0,0.00138645327525846,0.499486229598657,0.000762317642277513,0.000754253783019868,0.00765019742484899
POINT(415750 6416750),E4155N64165,415750,6416750,1000,0.176208849077241,0.0788241178158095,0,0.229500107230435,0.0130679482858847,0.00121164423050525,0,0,0,0.00211373269740447,0.485437629487216,0.00119358017951847,0.000206980601835292,0.0122354103941504
POINT(415750 6416750),E4155N64165,415750,6416750,500,0.405298318477144,0.118001028750259,0,0.17380309108896,0.0126053736922585,0,0,0,0,0.00567722451328527,0.276518011405377,0.000896336859688905,0.000188752754898977,0.00701186245812745
POINT(415750 6416750),E4155N64165,415750,6416750,350,0.469451178792391,0.0833469752600411,0,0.15127792372474,0.0183594348864342,0,0,0,0,0.0113526814830983,0.256346743996903,4.35242423533753e-05,0,0.00982153761404001
POINT(418750 6416250),E4185N64160,418750,6416250,2000,0.165774717638225,0.032459272026751,0,0.225800491634493,0.0292373334965205,0.000405825948911847,0,0.0125067961771152,0,0.0254337223796787,0.499036126069327,0.000348569853957766,0.000874319270688653,0.0081228255043316
POINT(418750 6416250),E4185N64160,418750,6416250,1500,0.209675333225603,0.0355293513232311,0,0.204889292977693,0.0319253026589894,0.00072146757376563,0,0.00149457212276033,0,0.0179019380594676,0.48858258731167,0.00037684381579846,0.000625620859470573,0.0082776900715501
POINT(418750 6416250),E4185N64160,418750,6416250,1000,0.265934210222665,0.032191265749352,0,0.173705415795626,0.0373115906795826,0.00162329833786792,0,0,0,0.00266735315392885,0.477219631095327,0.000408788840709225,0.000970525345783475,0.00796792077915774
POINT(418750 6416250),E4185N64160,418750,6416250,500,0.545793883835852,0.0423602059410983,0,0.126036588762364,0.0698859684722322,0.00649303317497832,0,0,0,0.000625144230386657,0.206861626361734,0.000444348953981554,0,0.0014992002673733
POINT(418750 6416250),E4185N64160,418750,6416250,350,0.704587974836492,0.0504569395831547,0,0.124111001109543,0.100405879800334,0.00501503210400085,0,0,0,0.000598295928469532,0.0148216285602181,3.24807778756532e-06,0,0
POINT(416250 6415250),E4160N64150,416250,6415250,2000,0.153696747894974,0.0781181115980244,0,0.257092186844884,0.0360168606717478,0.000813955993420472,0,0.0230242952364298,0,0.00330212025326231,0.441487179320535,0.000401180932239377,0.000925664824002527,0.00512169643048062
POINT(416250 6415250),E4160N64150,416250,6415250,1500,0.158170642921196,0.0661738988809805,0,0.247922875557861,0.0459027374855014,0.000539960221833923,0,0.00937324542548438,0,0.00438971002116586,0.460178137004605,0.000327116793852227,0.000562772453646518,0.00645890323387259
POINT(416250 6415250),E4160N64150,416250,6415250,1000,0.177097311597568,0.0570135325314321,0,0.236997115717846,0.0769688339168345,0.00121490786729835,0,0,0,0.00750995612501129,0.429670585454767,0.00017499065960497,0.00126623527768726,0.0120865308519515
POINT(416250 6415250),E4160N64150,416250,6415250,500,0.284800758832086,0.0591226958910388,0,0.20492413270649,0.0381500921484433,0,0,0,0,0.00115543643985524,0.409893464304017,8.18036267335525e-05,0,0.00187161605133575
POINT(416250 6415250),E4160N64150,416250,6415250,350,0.283346433930764,0.0623839622702794,0,0.161158136120621,0.023622650824688,0,0,0,0,0.00065026601791642,0.467202167120315,1.29923280302981e-06,0,0.00163508448261302
POINT(414750 6414250),E4145N64140,414750,6414250,2000,0.193797549558668,0.114940488054127,0,0.289080204287425,0.0420906223220429,0.00194420150303598,0,0.00473228723557808,0,0.00194812464741307,0.346472881173785,0.000128534001903655,0.000780955179526828,0.00408415203649404
POINT(414750 6414250),E4145N64140,414750,6414250,1500,0.204045617958101,0.134328331469902,0,0.284088024298759,0.0496630881567948,0.0026860169768684,0,0.00795437167397326,0,0.00141442138817681,0.313671718540092,0.000111264614010513,0.000719503547126567,0.00131764137619576
POINT(414750 6414250),E4145N64140,414750,6414250,1000,0.192712477988895,0.178617731242337,0,0.261768460998804,0.0283927341389536,0.00253955314432537,0,0.00259971364873141,0,0.00130021492260622,0.330657411073862,0.000188120942349048,0.000124061145990764,0.00109952075314585
POINT(414750 6414250),E4145N64140,414750,6414250,500,0.204313181006801,0.164883539720251,0,0.305354600989537,0.054387918280457,0,0,0,0,0.00181559373480109,0.267886972287368,0.000261325816316917,0,0.00109686816446784
POINT(414750 6414250),E4145N64140,414750,6414250,350,0.252407803192215,0.12039860462397,0,0.288687579984019,0.0922312374542832,0,0,0,0,0.00339554493071841,0.240271019962712,0.000369631732461981,0,0.00223857811962036
POINT(415750 6414250),E4155N64140,415750,6414250,2000,0.161861948236361,0.0968757487223164,0,0.267187314092758,0.0374776775487164,0.00194076973770112,0,0.0141447963538683,0,0.00310010653928072,0.411936763875234,0.000139014474528455,0.000794947289043441,0.00454091313019216
POINT(415750 6414250),E4155N64140,415750,6414250,1500,0.182004693957412,0.119396120274613,0,0.255229795179379,0.0467643398495724,0.000979106969032043,0,0.00581537936401024,0,0.00405096756394349,0.382767616769076,0.000116474698105783,0.00118281197076737,0.00169269340408929
POINT(415750 6414250),E4155N64140,415750,6414250,1000,0.154097643016225,0.141604469989252,0,0.237783449666343,0.0647985844922858,0.00211050399112139,0,0.0125352813796864,0,0.00147587691686811,0.383161161590178,0.000109148185546912,0.00144394127510763,0.000879939497384696
POINT(415750 6414250),E4155N64140,415750,6414250,500,0.148047553007585,0.119217690701738,0,0.241517178904361,0.175191052665252,1.30503715695427e-05,0,8.84878852764116e-05,0,0.000635011982469213,0.315076075708707,3.46948902702477e-05,0,0.000179203882772014
POINT(415750 6414250),E4155N64140,415750,6414250,350,0.112811588102161,0.119933323459177,0,0.229744337301185,0.246981886119794,0,0,0,0,0.000612587470734819,0.289845469451179,7.08080957689239e-05,0,0
POINT(420750 6414250),E4205N64140,420750,6414250,2000,0.235278808726014,0.0232182040200964,0,0.22071016260401,0.0980317456424589,0.00887805194848101,0,0.00832004667862304,0,0.111796064134176,0.273325285493301,0.000121911115070312,0.00109666429342791,0.0192230553443425
POINT(420750 6414250),E4205N64140,420750,6414250,1500,0.244510840103653,0.0176805047627465,0,0.228662748249922,0.121745447919575,0.0118457937021805,0,0.00948707795896421,0,0.102386146996477,0.250832097931953,0.000133024923160262,0.000291746368062702,0.0124245710833061
POINT(420750 6414250),E4205N64140,420750,6414250,1000,0.30542087242163,0.016203115356735,0,0.19929314792662,0.184377912649478,0.00899930506743045,0,0.0174731480509141,0,0.0218877466385167,0.240275047331425,0.000177995799171658,0.000154571105816033,0.0057371376522625
POINT(420750 6414250),E4205N64140,420750,6414250,500,0.302689112061137,0.0145489547116517,0,0.166510221159517,0.282796819142946,0,0,0,0,0.00231087361526628,0.222106148037874,2.99204021811337e-05,0.000392148249863369,0.00861580261956304
POINT(420750 6414250),E4205N64140,420750,6414250,350,0.311672509969994,0.0157220263627499,0,0.161206312456597,0.319990203778301,0,0,0,0,0.00260431384547824,0.175572588508668,1.16931028232997e-05,0,0.0132203519753873
POINT(412250 6413750),E4120N64135,412250,6413750,2000,0.267815181375684,0.094613555094123,0,0.28561201031931,0.0397312167430762,0.000883965315488672,0,0.0148273932425004,0,0.00247590161047774,0.290695725456396,0.000125326990342597,2.50288151474755e-05,0.00319469503745359
POINT(412250 6413750),E4120N64135,412250,6413750,1500,0.256141094134442,0.0811890674428213,0,0.291101293342665,0.0340223639057268,0,0,0.0226557537908452,0,0.00327864177052051,0.307687734711748,0.000146309437185124,0,0.00377774146404632
POINT(412250 6413750),E4120N64135,412250,6413750,1000,0.26184729632316,0.0853153302401612,0,0.314657850716788,0.0294251301449073,0,0,0.0356516286031313,0,0.00398450937175674,0.267328059559323,0.000106670272302577,0,0.0016835247684705
POINT(412250 6413750),E4120N64135,412250,6413750,500,0.372132699913263,0.117621014267867,0,0.254333755082878,0.0200861005673725,0,0,0,0,0.00880613048771754,0.226594730517956,0.000156286057596664,0,0.000269283105349853
POINT(412250 6413750),E4120N64135,412250,6413750,350,0.410387749282012,0.119379278939255,0,0.255328962283946,0.0100768430742167,0,0,0,0,0.015518676134603,0.189307840669988,6.4961597951371e-07,0,0
POINT(413750 6413750),E4135N64135,413750,6413750,2000,0.246702606803349,0.124652826346039,0,0.296679559646244,0.0335930950221926,0.00232345627627389,0,0.00445906291656574,0,0.00231502068495786,0.287084997532181,0.000125622545470758,0.000441080946485497,0.00162267128024189
POINT(413750 6413750),E4135N64135,413750,6413750,1500,0.243594430673346,0.128475863081807,0,0.311752661259111,0.0358264303007605,0.00167976148547517,0,0.00218771487116398,0,0.00276113863098769,0.271591050616485,0.00012264535427433,5.79933598160997e-05,0.00195031036677248
POINT(413750 6413750),E4135N64135,413750,6413750,1000,0.241826749116234,0.102455208095182,0,0.333154178181178,0.042549056853166,0.00359339504769429,0,0.0046430999390517,0,0.00234689535713084,0.266828442124464,5.95238616280301e-05,6.53330085516213e-05,0.0024781184157199
POINT(413750 6413750),E4135N64135,413750,6413750,500,0.353078027584683,0.0797820650220854,0,0.260051100194769,0.073444036628915,0,0,0.00734768217295828,0,0.00155585992295183,0.219320546295268,0,0,0.00542068217836941
POINT(413750 6413750),E4135N64135,413750,6413750,350,0.441883005309318,0.0640249348921539,0,0.219400936357689,0.0852349241799724,0,0,0,0,0.00218141329336891,0.186142503844108,0,0,0.00113228212338952
POINT(418250 6413250),E4180N64130,418250,6413250,2000,0.193393147977929,0.0418357054052179,0,0.251600150593474,0.0291051269464828,0.00253461993421313,0,0.0872123841679022,0,0.00651892988641603,0.375240867446511,0.000148846802750742,0.00303261121433455,0.00937760962476841
POINT(418250 6413250),E4180N64130,418250,6413250,1500,0.203774063058895,0.0450407070016763,0,0.269945808146412,0.0321879077044138,0.00345528347784832,0,0.0801021472046413,0,0.00140788313275884,0.355692128934382,0.000166771864978707,0.00418190016622046,0.00404539930777298
POINT(418250 6413250),E4180N64130,418250,6413250,1000,0.136073392059905,0.0407003675603135,0,0.313524674144242,0.0254946276065496,0.0023457842609001,0,0.0859170740833493,0,0.00130530901796405,0.38246755845939,0.000210482372280371,0.00587719304528045,0.00608353738982601
POINT(418250 6413250),E4180N64130,418250,6413250,500,0.110032243997619,0.0416692396082338,0,0.273770637909137,0.0204690499002123,0,0,0.112927201138248,0,0.000914481788348235,0.430401665356323,0.000169018388309402,0.00275172121833293,0.00689474069523534
POINT(418250 6413250),E4180N64130,418250,6413250,350,0.110116619287916,0.0385086606971173,0,0.274478227428399,0.03518846695527,0,0,0.12283417610344,0,0.000620384469470588,0.405452107618191,0.000344946757370557,0.00561594108751124,0.00684046959531444
POINT(418250 6412750),E4180N64125,418250,6412750,2000,0.19731464789328,0.041586754365079,0,0.256574996483667,0.0308956375410124,0.00306823018603929,0,0.09946507500131,0,0.00126286334289715,0.355789331676137,0.00015007616422791,0.00350159521999373,0.0103907921263563
POINT(418250 6412750),E4180N64125,418250,6412750,1500,0.207909535609639,0.0466868514080219,0,0.263677583897736,0.0344188302126232,0.00459659145025038,0,0.113067576418946,0,0.00131452306759234,0.31265352080476,0.000176801910803436,0.00492613678399476,0.0105720484356323
POINT(418250 6412750),E4180N64125,418250,6412750,1000,0.259806261945884,0.0446944578747936,0,0.256992555106838,0.0390140576181633,0.00726681045019628,0,0.128842483092899,0,0.00078276713920602,0.24844498335823,0.000218001923133924,0.00875792448145661,0.00517969700919847
POINT(418250 6412750),E4180N64125,418250,6412750,500,0.174393070189036,0.0333347869113049,0,0.327136528849438,0.0208280747232446,0.000408381139603008,0,0.225410792275326,0,0.000942173166971865,0.199120659597609,6.42969526109178e-05,0.0120792329437214,0.00628200325113403
POINT(418250 6412750),E4180N64125,418250,6412750,350,0.265225039821434,0.0439471420813163,0,0.341592545531554,0.0157804611231073,0,0,0.141644125006821,0,0.00151360424900544,0.169969961776621,0.000131222342617639,0.0164710024607437,0.00372489560677991
POINT(417750 6443250),E4175N64430,417750,6443250,2000,0.209274421348686,0.00618635254361959,0,0.0627802074625307,0.0825243464492298,0.100379929508441,0,0.00207272997149863,0,0.462407110388754,0.0660187460001419,0.000320041887616068,0.00221505757151421,0.00582105686796865
POINT(417750 6443250),E4175N64430,417750,6443250,1500,0.176628026996985,0.00609282745715341,0,0.0534356711046331,0.0806619760845352,0.103799746117047,0,0.000883409430196491,0,0.496281256764412,0.0726435480920714,0.000416475760588916,0.00246316595937071,0.00669389623300726
POINT(417750 6443250),E4175N64430,417750,6443250,1000,0.176549516252451,0.00744317064461734,0,0.042881006999682,0.0744060592916017,0.117638719047289,0,0,0,0.499493389047661,0.0750875408273629,0.000518438910269925,0.00209621681371699,0.00388594216534784
POINT(417750 6443250),E4175N64430,417750,6443250,500,0.295065754711816,0.00685430324451025,0,0.0242173285851246,0.103679055383178,0.124011196571512,0,0,0,0.435656636776039,0.00623998146212404,0.000281378474419386,0.000334853116616736,0.00365951167466028
POINT(417750 6443250),E4175N64430,417750,6443250,350,0.348720127428588,0.00659554675543014,0,0.0179267909251305,0.0924987592342851,0.108151246092562,0,0,0,0.422594408628973,0.00280374074622638,0.000302720849801088,0.000334552012119228,7.21073268839501e-05
